{
    "player": {
        "pos_x": 400,
        "pos_y": 398,
        "size": [
            20,
            20
        ],
        "rotate": 2070,
        "object_type": "player",
        "name": "Spaceman Joe",
        "sprite": "assets/players/player2.png",
        "keywords": "player",
        "fly": true
    },
    "places": {
        "place#0": {
            "pos_x": -953.6532692766518,
            "pos_y": 164.32952091371277,
            "rotate": 225
        },
        "place#1": {
            "pos_x": -470.65326927663693,
            "pos_y": 154.32952091371334,
            "rotate": 126
        },
        "place#2": {
            "pos_x": 70.34673072337546,
            "pos_y": 178.32952091371249,
            "rotate": 256
        },
        "place#6": {
            "pos_x": -288,
            "pos_y": 16,
            "rotate": 328
        },
        "place#4": {
            "pos_x": -69.41129711814222,
            "pos_y": -1316.556297243313,
            "rotate": 94
        },
        "place#5": {
            "pos_x": 1061.1706345794287,
            "pos_y": 116.57889569897054,
            "rotate": 318
        }
    }
}